{
  "/era?id=" : {
    "transaction" : "/era?id=",
    "sampleCount" : 500,
    "errorCount" : 0,
    "errorPct" : 0.0,
    "meanResTime" : 229.08799999999997,
    "medianResTime" : 247.5,
    "minResTime" : 100.0,
    "maxResTime" : 1022.0,
    "pct1ResTime" : 316.80000000000007,
    "pct2ResTime" : 357.69999999999993,
    "pct3ResTime" : 627.97,
    "throughput" : 128.5016705217168,
    "receivedKBytesPerSec" : 94.60659414353637,
    "sentKBytesPerSec" : 17.288243301850425
  },
  "/era/total?eraId=" : {
    "transaction" : "/era/total?eraId=",
    "sampleCount" : 500,
    "errorCount" : 0,
    "errorPct" : 0.0,
    "meanResTime" : 239.68799999999996,
    "medianResTime" : 245.5,
    "minResTime" : 99.0,
    "maxResTime" : 547.0,
    "pct1ResTime" : 365.90000000000003,
    "pct2ResTime" : 437.6499999999999,
    "pct3ResTime" : 491.9200000000001,
    "throughput" : 166.66666666666666,
    "receivedKBytesPerSec" : 36.251627604166664,
    "sentKBytesPerSec" : 23.8876953125
  },
  "/price" : {
    "transaction" : "/price",
    "sampleCount" : 500,
    "errorCount" : 0,
    "errorPct" : 0.0,
    "meanResTime" : 689.1179999999998,
    "medianResTime" : 672.5,
    "minResTime" : 310.0,
    "maxResTime" : 1132.0,
    "pct1ResTime" : 1028.8000000000002,
    "pct2ResTime" : 1070.95,
    "pct3ResTime" : 1120.99,
    "throughput" : 216.26297577854672,
    "receivedKBytesPerSec" : 47.72991457612457,
    "sentKBytesPerSec" : 27.87764922145329
  },
  "/transfersByEraId?eraId= limit=1" : {
    "transaction" : "/transfersByEraId?eraId= limit=1",
    "sampleCount" : 500,
    "errorCount" : 0,
    "errorPct" : 0.0,
    "meanResTime" : 2515.182000000001,
    "medianResTime" : 924.5,
    "minResTime" : 329.0,
    "maxResTime" : 12490.0,
    "pct1ResTime" : 7599.9,
    "pct2ResTime" : 7704.9,
    "pct3ResTime" : 7841.87,
    "throughput" : 36.292371343543586,
    "receivedKBytesPerSec" : 30.007340699172534,
    "sentKBytesPerSec" : 5.732989652137621
  },
  "/block/total?blockHeight=" : {
    "transaction" : "/block/total?blockHeight=",
    "sampleCount" : 500,
    "errorCount" : 0,
    "errorPct" : 0.0,
    "meanResTime" : 314.5560000000002,
    "medianResTime" : 324.0,
    "minResTime" : 102.0,
    "maxResTime" : 547.0,
    "pct1ResTime" : 474.60000000000014,
    "pct2ResTime" : 527.8499999999999,
    "pct3ResTime" : 544.0,
    "throughput" : 450.04500450045003,
    "receivedKBytesPerSec" : 97.57186656165617,
    "sentKBytesPerSec" : 68.93687415616562
  },
  "/transfersByEraId?eraId= limit=100" : {
    "transaction" : "/transfersByEraId?eraId= limit=100",
    "sampleCount" : 500,
    "errorCount" : 0,
    "errorPct" : 0.0,
    "meanResTime" : 4221.450000000006,
    "medianResTime" : 5804.0,
    "minResTime" : 225.0,
    "maxResTime" : 13593.0,
    "pct1ResTime" : 7293.100000000001,
    "pct2ResTime" : 8120.099999999999,
    "pct3ResTime" : 12774.95,
    "throughput" : 32.750376629331235,
    "receivedKBytesPerSec" : 950.7773353065436,
    "sentKBytesPerSec" : 5.237437671939477
  },
  "/block/circulating?blockHeight=" : {
    "transaction" : "/block/circulating?blockHeight=",
    "sampleCount" : 500,
    "errorCount" : 0,
    "errorPct" : 0.0,
    "meanResTime" : 10018.719999999998,
    "medianResTime" : 10285.5,
    "minResTime" : 7847.0,
    "maxResTime" : 10708.0,
    "pct1ResTime" : 10527.0,
    "pct2ResTime" : 10552.9,
    "pct3ResTime" : 10678.97,
    "throughput" : 46.66791114429718,
    "receivedKBytesPerSec" : 10.029772668937838,
    "sentKBytesPerSec" : 7.421929688958372
  },
  "/health" : {
    "transaction" : "/health",
    "sampleCount" : 500,
    "errorCount" : 0,
    "errorPct" : 0.0,
    "meanResTime" : 910.7240000000011,
    "medianResTime" : 906.5,
    "minResTime" : 301.0,
    "maxResTime" : 1593.0,
    "pct1ResTime" : 1355.0,
    "pct2ResTime" : 1431.6,
    "pct3ResTime" : 1578.8700000000001,
    "throughput" : 224.7191011235955,
    "receivedKBytesPerSec" : 47.84146769662921,
    "sentKBytesPerSec" : 29.187148876404493
  },
  "/era/circulating?eraId=" : {
    "transaction" : "/era/circulating?eraId=",
    "sampleCount" : 500,
    "errorCount" : 0,
    "errorPct" : 0.0,
    "meanResTime" : 2357.732000000006,
    "medianResTime" : 508.0,
    "minResTime" : 301.0,
    "maxResTime" : 8861.0,
    "pct1ResTime" : 7607.0,
    "pct2ResTime" : 8042.099999999999,
    "pct3ResTime" : 8831.97,
    "throughput" : 42.268999915462,
    "receivedKBytesPerSec" : 9.102530063826189,
    "sentKBytesPerSec" : 6.305923868247527
  },
  "/era?timestamp=" : {
    "transaction" : "/era?timestamp=",
    "sampleCount" : 500,
    "errorCount" : 0,
    "errorPct" : 0.0,
    "meanResTime" : 219.30000000000007,
    "medianResTime" : 152.0,
    "minResTime" : 99.0,
    "maxResTime" : 1033.0,
    "pct1ResTime" : 320.0,
    "pct2ResTime" : 563.6499999999999,
    "pct3ResTime" : 1012.0,
    "throughput" : 133.19126265316993,
    "receivedKBytesPerSec" : 96.78972637519979,
    "sentKBytesPerSec" : 21.461482751731488
  },
  "/validators" : {
    "transaction" : "/validators",
    "sampleCount" : 500,
    "errorCount" : 0,
    "errorPct" : 0.0,
    "meanResTime" : 683.1159999999995,
    "medianResTime" : 534.5,
    "minResTime" : 402.0,
    "maxResTime" : 1289.0,
    "pct1ResTime" : 1175.9,
    "pct2ResTime" : 1211.95,
    "pct3ResTime" : 1250.96,
    "throughput" : 217.48586341887776,
    "receivedKBytesPerSec" : 5406.775874021314,
    "sentKBytesPerSec" : 29.097229773814703
  },
  "/era?blockHeight=" : {
    "transaction" : "/era?blockHeight=",
    "sampleCount" : 500,
    "errorCount" : 0,
    "errorPct" : 0.0,
    "meanResTime" : 207.32200000000003,
    "medianResTime" : 215.5,
    "minResTime" : 101.0,
    "maxResTime" : 622.0,
    "pct1ResTime" : 296.90000000000003,
    "pct2ResTime" : 319.84999999999997,
    "pct3ResTime" : 517.96,
    "throughput" : 125.53351744915892,
    "receivedKBytesPerSec" : 92.63392857142857,
    "sentKBytesPerSec" : 18.248699551217676
  },
  "Total" : {
    "transaction" : "Total",
    "sampleCount" : 7000,
    "errorCount" : 0,
    "errorPct" : 0.0,
    "meanResTime" : 1932.6094285714262,
    "medianResTime" : 487.0,
    "minResTime" : 99.0,
    "maxResTime" : 13593.0,
    "pct1ResTime" : 7561.700000000002,
    "pct2ResTime" : 10139.75,
    "pct3ResTime" : 10544.99,
    "throughput" : 207.88168562349657,
    "receivedKBytesPerSec" : 954.647048915303,
    "sentKBytesPerSec" : 30.625310894485196
  },
  "/block?blockHeight=" : {
    "transaction" : "/block?blockHeight=",
    "sampleCount" : 500,
    "errorCount" : 0,
    "errorPct" : 0.0,
    "meanResTime" : 559.4699999999998,
    "medianResTime" : 527.5,
    "minResTime" : 127.0,
    "maxResTime" : 821.0,
    "pct1ResTime" : 730.0,
    "pct2ResTime" : 746.95,
    "pct3ResTime" : 785.7800000000002,
    "throughput" : 324.04406999351914,
    "receivedKBytesPerSec" : 248.77850575178226,
    "sentKBytesPerSec" : 47.737640756642904
  },
  "/transfersByEraId?eraId= limit=10" : {
    "transaction" : "/transfersByEraId?eraId= limit=10",
    "sampleCount" : 500,
    "errorCount" : 0,
    "errorPct" : 0.0,
    "meanResTime" : 3891.066000000002,
    "medianResTime" : 3468.0,
    "minResTime" : 101.0,
    "maxResTime" : 12888.0,
    "pct1ResTime" : 7238.500000000001,
    "pct2ResTime" : 7656.499999999999,
    "pct3ResTime" : 12722.96,
    "throughput" : 32.88608260983952,
    "receivedKBytesPerSec" : 174.51629197086294,
    "sentKBytesPerSec" : 5.22702444669166
  }
}